First_Name,Last_Name,Email,phone_number,doc_type
DrRahul,Sharma,rahulsharma1@example.com,9876543210,MBBS
DrPriya,Patel,priyapatel2@example.com,9876543201,MS
DrSuresh,Kumar,sureshkumar3@example.com,9876543202,MD
DrNeha,Singh,nehasingh4@example.com,9876543203,BAMS
DrAmit,Jain,amitjain5@example.com,9876543204,BAMS
DrPooja,Shah,poojashah6@example.com,9876543205,MS
DrAnkur,Gupta,ankurgupta7@example.com,9876543206,MBBS
DrKavita,Verma,kavitaverma8@example.com,9876543207,MD
DrRajesh,Choudhary,rajeshchoudhary9@example.com,9876543208,BAMS
DrAnjali,Mishra,anjalimishra10@example.com,9876543209,MS
DrVinay,Kumar,vinaykumar11@example.com,9876543211,MBBS
DrSwati,Trivedi,swatitrivedi12@example.com,9876543212,MD
DrSanjay,Singhal,sanjaysinghal13@example.com,9876543213,BAMS
DrAarti,Sharma,aartisharma14@example.com,9876543214,MS
DrAkash,Garg,akashgarg15@example.com,9876543215,MBBS
DrPreeti,Chauhan,preetichauhan16@example.com,9876543216,MD
DrRakesh,Mehta,rakeshmehta17@example.com,9876543217,BAMS
DrAnita,Sharma,anitasharma18@example.com,9876543218,MS
DrArun,Kumar,arunkumar19@example.com,9876543219,MBBS
DrNidhi,Pandey,nidhipandey20@example.com,9876543220,MD
DrManish,Srivastava,manishsrivastava21@example.com,9876543221,BAMS
DrSunita,Yadav,sunitayadav22@example.com,9876543222,MS
DrRohit,Sharma,rohitsharma23@example.com,9876543223,MBBS
DrShikha,Gupta,shikhagupta24@example.com,9876543224,MD
DrVivek,Verma,vivekverma25@example.com,9876543225,BAMS
DrDeepika,Singh,deepikasingh26@example.com,9876543226,MS
DrSunil,Kumar,sunilkumar27@example.com,9876543227,MBBS
DrAnanya,Sharma,ananyasharma28@example.com,9876543228,MD
DrRaj,Kumar,rajkumar29@example.com,9876543229,BAMS
DrShalini,Gupta,shalinigupta30@example.com,9876543230,MS
DrAlok,Singh,aloksingh31@example.com,9876543231,MBBS
DrPoonam,Choudhary,poonamchoudhary32@example.com,9876543232,MD
DrVikas,Sharma,vikassharma33@example.com,9876543233,BAMS
DrDivya,Verma,divyaverma34@example.com,9876543234,MS
DrRohini,Singh,rohinisingh35@example.com,9876543235,MBBS
DrArjun,Gupta,arjungupta36@example.com,9876543236,MD
DrKomal,Patel,komalpatel37@example.com,9876543237,BAMS
DrRishi,Sharma,rishisharma38@example.com,9876543238,MS
DrNisha,Kumari,nishakumari39@example.com,9876543239,MBBS
DrSachin,Kumar,sachinkumar40@example.com,9876543240,MD
DrShreya,Singh,shreyasingh41@example.com,9876543241,BAMS
DrRohit,Gupta,rohitgupta42@example.com,9876543242,MS
DrAnita,Verma,anitaverma43@example.com,9876543243,MBBS
DrAmita,Pandey,amitapandey44@example.com,9876543244,MD
DrRajesh,Sharma,rajeshsharma45@example.com
